id,type,passed,score,y1,y2,y3,y1_std,y2_std,y3_std,trials
1,iot,False,0.0,1.0,1.0,1.0,0.0,0.0,0.0,3
2,iot,False,0.0,0.5,0.5,0.5,0.0,0.0,0.0,3
3,iot,True,0.6428571428571428,1.0,1.0,1.0,0.0,0.0,0.0,3
4,iot,False,0.42857142857142855,1.0,1.0,1.0,0.0,0.0,0.0,3
5,iot,True,1.0,1.0,1.0,0.9333333333333332,0.0,0.0,0.11547005383792512,3
6,iot,True,1.0,1.0,1.0,0.8666666666666667,0.0,0.0,0.11547005383792512,3
7,iot,True,1.0,1.0,0.8333333333333334,0.7666666666666666,0.0,0.28867513459481287,0.2516611478423583,3
8,iot,True,1.0,0.5,0.0,0.5,0.0,0.0,0.0,3
9,iot,True,1.0,0.5,0.5,0.5,0.0,0.0,0.0,3
10,iot,True,1.0,1.0,0.5,0.5,0.0,0.0,0.0,3
11,iot,True,1.0,0.5,0.0,1.0,0.0,0.0,0.0,3
12,iot,True,1.0,1.0,0.9333333333333332,0.9666666666666667,0.0,0.11547005383792512,0.05773502691896256,3
41,iot,True,0.875,0.5,0.0,0.6666666666666666,0.0,0.0,0.28867513459481287,3
42,iot,True,0.8333333333333334,0.6666666666666666,0.16666666666666666,1.0,0.28867513459481287,0.28867513459481287,0.0,3
43,iot,True,0.75,0.6666666666666666,0.0,1.0,0.28867513459481287,0.0,0.0,3
44,iot,True,0.6000000000000001,0.9333333333333332,0.5,0.9666666666666667,0.11547005383792512,0.0,0.05773502691896256,3
45,iot,True,0.6000000000000001,0.5,0.0,0.8333333333333334,0.0,0.0,0.28867513459481287,3
46,iot,True,0.8076923076923077,0.5,0.43333333333333335,0.4666666666666666,0.0,0.11547005383792516,0.05773502691896256,3
47,iot,True,0.5625,1.0,1.0,1.0,0.0,0.0,0.0,3
48,iot,True,0.8333333333333334,0.5,0.0,0.8333333333333334,0.0,0.0,0.28867513459481287,3
101,fmsr,True,1.0,1.0,1.0,1.0,0.0,0.0,0.0,3
102,fmsr,True,1.0,1.0,1.0,1.0,0.0,0.0,0.0,3
103,fmsr,True,1.0,0.5,0.3333333333333333,1.0,0.0,0.28867513459481287,0.0,3
104,fmsr,True,1.0,1.0,1.0,1.0,0.0,0.0,0.0,3
105,fmsr,True,1.0,0.5,0.0,0.5666666666666667,0.0,0.0,0.11547005383792512,3
106,fmsr,True,0.8571428571428571,1.0,1.0,1.0,0.0,0.0,0.0,3
107,fmsr,True,1.0,1.0,1.0,1.0,0.0,0.0,0.0,3
108,fmsr,True,1.0,1.0,1.0,1.0,0.0,0.0,0.0,3
109,fmsr,True,1.0,1.0,1.0,1.0,0.0,0.0,0.0,3
110,fmsr,True,1.0,1.0,1.0,1.0,0.0,0.0,0.0,3
111,fmsr,True,0.6428571428571428,1.0,1.0,1.0,0.0,0.0,0.0,3
112,fmsr,False,0.3529411764705882,1.0,1.0,1.0,0.0,0.0,0.0,3
113,fmsr,True,0.9705882352941178,1.0,1.0,1.0,0.0,0.0,0.0,3
114,fmsr,True,1.0,1.0,1.0,1.0,0.0,0.0,0.0,3
115,fmsr,True,1.0,0.5,0.0,0.5,0.0,0.0,0.0,3
116,fmsr,True,1.0,0.5,0.0,0.43333333333333335,0.0,0.0,0.11547005383792516,3
117,fmsr,True,1.0,0.16666666666666666,0.0,0.09999999999999999,0.28867513459481287,0.0,0.17320508075688773,3
118,fmsr,True,0.6290322580645161,1.0,1.0,1.0,0.0,0.0,0.0,3
119,fmsr,True,0.8571428571428571,1.0,1.0,1.0,0.0,0.0,0.0,3
120,fmsr,True,1.0,1.0,1.0,1.0,0.0,0.0,0.0,3
201,tsfm,True,1.0,0.8333333333333334,0.0,0.3333333333333333,0.28867513459481287,0.0,0.28867513459481287,3
202,tsfm,True,1.0,0.5,0.0,0.0,0.0,0.0,0.0,3
203,tsfm,True,1.0,0.6666666666666666,0.0,0.0,0.28867513459481287,0.0,0.0,3
204,tsfm,True,1.0,0.5,0.0,0.16666666666666666,0.0,0.0,0.28867513459481287,3
205,tsfm,True,1.0,0.5,0.0,0.5,0.0,0.0,0.0,3
206,tsfm,True,1.0,0.5,0.0,0.5,0.0,0.0,0.0,3
207,tsfm,True,1.0,0.6666666666666666,0.0,0.0,0.28867513459481287,0.0,0.0,3
208,tsfm,True,1.0,0.6666666666666666,0.0,0.5,0.28867513459481287,0.0,0.0,3
209,tsfm,True,1.0,0.0,0.0,0.0,0.0,0.0,0.0,3
210,tsfm,True,1.0,0.0,0.0,0.0,0.0,0.0,0.0,3
211,tsfm,True,1.0,0.5,0.0,0.0,0.0,0.0,0.0,3
212,tsfm,True,1.0,0.16666666666666666,0.0,0.0,0.28867513459481287,0.0,0.0,3
213,tsfm,True,1.0,0.16666666666666666,0.0,0.0,0.28867513459481287,0.0,0.0,3
214,tsfm,True,1.0,0.0,0.0,0.0,0.0,0.0,0.0,3
215,tsfm,True,1.0,0.5,0.0,0.5,0.0,0.0,0.0,3
216,tsfm,True,1.0,0.0,0.0,0.0,0.0,0.0,0.0,3
217,tsfm,True,1.0,0.0,0.0,0.0,0.0,0.0,0.0,3
218,tsfm,True,1.0,0.16666666666666666,0.0,0.16666666666666666,0.28867513459481287,0.0,0.28867513459481287,3
219,tsfm,True,0.875,0.16666666666666666,0.0,0.06666666666666667,0.28867513459481287,0.0,0.11547005383792516,3
220,tsfm,False,0.30000000000000004,0.16666666666666666,0.0,0.26666666666666666,0.28867513459481287,0.0,0.2516611478423583,3
221,tsfm,False,0.30000000000000004,0.5,0.0,0.43333333333333335,0.0,0.0,0.11547005383792516,3
222,tsfm,True,0.5625,0.5,0.0,0.5,0.0,0.0,0.0,3
223,tsfm,True,1.0,0.3333333333333333,0.0,0.3333333333333333,0.28867513459481287,0.0,0.28867513459481287,3
400,wo,True,1.0,1.0,1.0,1.0,0.0,0.0,0.0,3
401,wo,False,0.42857142857142855,0.6666666666666666,0.5,0.0,0.28867513459481287,0.0,0.0,3
402,wo,True,1.0,1.0,1.0,0.9666666666666667,0.0,0.0,0.05773502691896256,3
403,wo,True,0.8076923076923077,1.0,0.8666666666666667,0.7333333333333334,0.0,0.11547005383792512,0.05773502691896263,3
404,wo,True,1.0,0.6666666666666666,0.5,0.5,0.28867513459481287,0.0,0.0,3
405,wo,True,1.0,1.0,0.3333333333333333,0.3333333333333333,0.0,0.5773502691896257,0.5773502691896257,3
406,wo,True,1.0,1.0,1.0,1.0,0.0,0.0,0.0,3
407,wo,False,0.3,1.0,0.9,0.9,0.0,0.0,0.0,3
408,wo,False,0.3,0.5,0.5,0.5,0.0,0.0,0.0,3
409,wo,True,0.6774193548387096,1.0,1.0,1.0,0.0,0.0,0.0,3
410,wo,True,1.0,0.6666666666666666,0.5,0.5,0.28867513459481287,0.0,0.0,3
411,wo,True,1.0,1.0,1.0,1.0,0.0,0.0,0.0,3
412,wo,True,0.875,0.0,0.0,0.0,0.0,0.0,0.0,3
413,wo,True,0.5357142857142857,0.0,0.0,0.0,0.0,0.0,0.0,3
414,wo,True,0.5,0.0,0.0,0.0,0.0,0.0,0.0,3
415,wo,True,0.6000000000000001,0.5,0.0,1.0,0.0,0.0,0.0,3
416,wo,True,0.5,0.5,0.0,1.0,0.0,0.0,0.0,3
417,wo,True,1.0,1.0,1.0,1.0,0.0,0.0,0.0,3
418,wo,True,0.5,1.0,1.0,1.0,0.0,0.0,0.0,3
419,wo,True,0.75,0.5,0.0,0.5,0.0,0.0,0.0,3
420,wo,False,0.44999999999999996,1.0,0.8666666666666667,1.0,0.0,0.11547005383792512,0.0,3
421,wo,True,0.5294117647058824,1.0,1.0,1.0,0.0,0.0,0.0,3
422,wo,True,0.6428571428571428,1.0,0.8000000000000002,0.9,0.0,0.0,0.0,3
423,wo,False,0.44999999999999996,1.0,0.7000000000000001,0.8333333333333334,0.0,0.17320508075688776,0.28867513459481287,3
424,wo,True,0.8571428571428571,0.0,0.0,0.0,0.0,0.0,0.0,3
425,wo,False,0.42857142857142855,0.8000000000000002,0.6999999999999998,0.9,0.0,0.0,0.0,3
426,wo,True,0.631578947368421,0.7666666666666666,0.3333333333333333,0.09999999999999999,0.2516611478423583,0.28867513459481287,0.17320508075688773,3
427,wo,True,0.5833333333333334,0.0,0.0,0.3333333333333333,0.0,0.0,0.28867513459481287,3
428,wo,True,0.6818181818181818,0.3333333333333333,0.0,0.5,0.28867513459481287,0.0,0.0,3
429,wo,True,0.5625,1.0,1.0,1.0,0.0,0.0,0.0,3
430,wo,True,0.7105263157894737,0.8000000000000002,0.16666666666666666,0.6333333333333333,0.0,0.15275252316519466,0.11547005383792512,3
431,wo,True,0.8478260869565217,1.0,1.0,1.0,0.0,0.0,0.0,3
432,wo,True,0.72,1.0,0.8000000000000002,0.9666666666666667,0.0,0.0,0.05773502691896256,3
433,wo,True,0.9473684210526315,1.0,0.0,0.8333333333333334,0.0,0.0,0.28867513459481287,3
434,wo,True,0.9473684210526315,0.5666666666666667,0.0,0.5,0.11547005383792512,0.0,0.0,3
435,wo,True,0.54,1.0,0.8666666666666667,0.9333333333333332,0.0,0.11547005383792512,0.05773502691896256,3
501,multi,False,0.3173076923076923,1.0,1.0,1.0,0.0,0.0,0.0,3
502,multi,True,1.0,0.0,0.0,0.0,0.0,0.0,0.0,3
503,multi,True,1.0,1.0,0.8666666666666667,1.0,0.0,0.11547005383792512,0.0,3
504,multi,True,0.75,0.0,0.0,0.0,0.0,0.0,0.0,3
505,multi,False,0.34285714285714286,0.0,0.0,0.0,0.0,0.0,0.0,3
506,multi,True,1.0,1.0,1.0,1.0,0.0,0.0,0.0,3
507,multi,True,1.0,0.0,0.0,0.0,0.0,0.0,0.0,3
508,multi,True,1.0,1.0,1.0,1.0,0.0,0.0,0.0,3
509,multi,True,1.0,1.0,1.0,1.0,0.0,0.0,0.0,3
510,multi,False,0.3857142857142857,0.5,0.0,0.5,0.0,0.0,0.0,3
511,multi,False,0.3442622950819672,0.16666666666666666,0.0,0.0,0.28867513459481287,0.0,0.0,3
512,multi,False,0.3620689655172414,1.0,0.3333333333333333,0.6666666666666666,0.0,0.28867513459481287,0.5773502691896257,3
513,multi,False,0.32608695652173914,0.0,0.0,0.0,0.0,0.0,0.0,3
514,multi,False,0.3571428571428571,1.0,0.5,1.0,0.0,0.0,0.0,3
515,multi,False,0.4166666666666667,0.3333333333333333,0.0,0.16666666666666666,0.28867513459481287,0.0,0.15275252316519466,3
516,multi,False,0.375,0.0,0.0,0.0,0.0,0.0,0.0,3
517,multi,False,0.40540540540540543,1.0,0.8333333333333334,1.0,0.0,0.28867513459481287,0.0,3
518,multi,False,0.3068181818181818,0.0,0.0,0.0,0.0,0.0,0.0,3
519,multi,False,0.1923076923076923,1.0,1.0,1.0,0.0,0.0,0.0,3
520,multi,True,1.0,0.0,0.0,0.0,0.0,0.0,0.0,3
601,fmsr,True,1.0,1.0,1.0,1.0,0.0,0.0,0.0,3
602,fmsr,True,1.0,1.0,1.0,1.0,0.0,0.0,0.0,3
603,fmsr,True,1.0,1.0,1.0,1.0,0.0,0.0,0.0,3
604,fmsr,True,1.0,1.0,1.0,1.0,0.0,0.0,0.0,3
605,fmsr,True,1.0,1.0,1.0,0.9333333333333332,0.0,0.0,0.11547005383792512,3
606,fmsr,False,0.14516129032258063,0.8333333333333334,0.0,0.8333333333333334,0.28867513459481287,0.0,0.28867513459481287,3
607,fmsr,True,1.0,1.0,1.0,1.0,0.0,0.0,0.0,3
608,fmsr,True,1.0,1.0,1.0,0.8333333333333334,0.0,0.0,0.1527525231651947,3
609,fmsr,False,0.1935483870967742,1.0,1.0,1.0,0.0,0.0,0.0,3
610,fmsr,True,0.7941176470588236,1.0,1.0,1.0,0.0,0.0,0.0,3
611,fmsr,True,0.7941176470588236,1.0,1.0,1.0,0.0,0.0,0.0,3
612,fmsr,True,1.0,1.0,1.0,1.0,0.0,0.0,0.0,3
613,fmsr,True,1.0,0.3333333333333333,0.0,0.2333333333333333,0.28867513459481287,0.0,0.2516611478423583,3
614,fmsr,True,1.0,0.8000000000000002,0.43333333333333335,0.6333333333333333,0.0,0.11547005383792516,0.11547005383792512,3
615,fmsr,True,1.0,0.3333333333333333,0.0,0.3333333333333333,0.28867513459481287,0.0,0.28867513459481287,3
616,fmsr,True,1.0,1.0,1.0,1.0,0.0,0.0,0.0,3
617,fmsr,True,1.0,0.5,0.0,0.43333333333333335,0.0,0.0,0.11547005383792516,3
618,fmsr,True,0.6290322580645161,1.0,0.8333333333333334,0.9333333333333332,0.0,0.28867513459481287,0.11547005383792512,3
619,fmsr,True,0.8571428571428571,1.0,1.0,1.0,0.0,0.0,0.0,3
620,fmsr,True,1.0,1.0,1.0,1.0,0.0,0.0,0.0,3
